# SARS-CoV-2 Spike (S) functional domains and sites, in the standard Wuhan-Hu-1
# S numbering (= the app's S PositionBase; verified: furin RRAR at 682-685, S2'
# S686, fusion peptide from 816, RBD/RBM anchors match). Two groups:
#   Domains         - NTD and RBD, the two S1 domains that carry most antigenic
#                     variation (RBD = ACE2 receptor-binding domain; NTD carries
#                     the NTD antigenic supersite).
#   Functional sites- ACE2 contact residues (receptor-binding motif; Lan et al.
#                     2020, PDB 6M0J), the S1/S2 furin cleavage site, and the
#                     fusion peptide.
# 6VXX is the Wuhan closed prefusion trimer; its 475-486 RBM loop and the
# 682-685 furin loop are disordered, so a few of those residues are unmodeled.
subtype	gene	region	site	group	positions	color	source
COVID:SARS-CoV-2	S	S	NTD	Domains	14,15,16,17,18,19,20,21,22,23,24,25,26,27,28,29,30,60,61,62,63,64,65,66,67,68,69,70,140,141,142,143,144,145,146,147,148,149,150,151,152,153,154,155,156,157,158,159,160,242,243,244,245,246,247,248,249,250,251,252,253,254,255,256,257,258,259,260,261,262,263,264	#4363D8	NTD (antigenic supersite loops)
COVID:SARS-CoV-2	S	S	RBD	Domains	319,320,321,322,323,324,325,326,327,328,329,330,331,332,333,334,335,336,337,338,339,340,341,342,343,344,345,346,347,348,349,350,351,352,353,354,355,356,357,358,359,360,361,362,363,364,365,366,367,368,369,370,371,372,373,374,375,376,377,378,379,380,381,382,383,384,385,386,387,388,389,390,391,392,393,394,395,396,397,398,399,400,401,402,403,404,405,406,407,408,409,410,411,412,413,414,415,416,417,418,419,420,421,422,423,424,425,426,427,428,429,430,431,432,433,434,435,436,437,438,439,440,441,442,443,444,445,446,447,448,449,450,451,452,453,454,455,456,457,458,459,460,461,462,463,464,465,466,467,468,469,470,471,472,473,474,475,476,477,478,479,480,481,482,483,484,485,486,487,488,489,490,491,492,493,494,495,496,497,498,499,500,501,502,503,504,505,506,507,508,509,510,511,512,513,514,515,516,517,518,519,520,521,522,523,524,525,526,527,528,529,530,531,532,533,534,535,536,537,538,539,540,541	#F58231	RBD (receptor-binding domain)
COVID:SARS-CoV-2	S	S	ACE2_contact	Functional sites	417,446,449,453,455,456,475,486,487,489,493,496,498,500,501,502,505	#E74C3C	ACE2 receptor-binding motif (Lan et al. 2020)
COVID:SARS-CoV-2	S	S	Furin_cleavage	Functional sites	682,683,684,685,686	#911EB4	S1/S2 furin cleavage site (RRAR)
COVID:SARS-CoV-2	S	S	Fusion_peptide	Functional sites	816,817,818,819,820,821,822,823,824,825,826,827,828,829,830,831,832,833	#3CB44B	Fusion peptide (S2)
